music,user,datetime
59RSrxkSKSixEWBAIvE5Wa,5e3b7511-4336-453e-8199-a4ec14956742,2023-05-16T15:31:09
6V0PPYLaQ5fCAPftwIgpuN,5e3b7511-4336-453e-8199-a4ec14956742,2023-04-23T07:16:38
0q9mq2TknlmqiX6x6IxmMS,5e3b7511-4336-453e-8199-a4ec14956742,2023-05-01T16:43:39
3h0MdHT5y596qK1sOOVqKf,5e3b7511-4336-453e-8199-a4ec14956742,2023-05-13T04:32:57
228kBZOCrpTt9A22K2MCIL,5e3b7511-4336-453e-8199-a4ec14956742,2023-05-18T21:56:57
20R4HfKloPKgXDqU7UKk3x,5e3b7511-4336-453e-8199-a4ec14956742,2023-04-28T09:20:06
4j2I5Phx08RoJfh1oxeKxp,5e3b7511-4336-453e-8199-a4ec14956742,2023-05-16T01:38:00
4umN41ggyywUcvMbZxhcHR,5e3b7511-4336-453e-8199-a4ec14956742,2023-05-19T09:36:14
1QTSmXYIKq5jyz4iYKoxb0,5e3b7511-4336-453e-8199-a4ec14956742,2023-05-17T08:09:27
2mNbgyi0gori4b1rFSPgIb,5e3b7511-4336-453e-8199-a4ec14956742,2023-05-12T05:47:28
0U9eU3pnA9ryE8AimH3xMW,5e3b7511-4336-453e-8199-a4ec14956742,2023-05-05T14:59:29
0kEzNFvi5ZOlwn6ly5DR8i,5e3b7511-4336-453e-8199-a4ec14956742,2023-05-09T10:32:10
2TIVDrIGj1CrwDabUXqqNR,5e3b7511-4336-453e-8199-a4ec14956742,2023-04-22T11:33:02
4mWahKerLaVddUjb8d1Q4Q,5e3b7511-4336-453e-8199-a4ec14956742,2023-05-12T15:59:26
0FVz8MbwMqPnSNpVwBJqh4,5e3b7511-4336-453e-8199-a4ec14956742,2023-05-03T12:41:25
3Q5cLvkKsHJvYltf8k7HkO,5e3b7511-4336-453e-8199-a4ec14956742,2023-05-17T01:45:56
2Oehrcv4Kov0SuIgWyQY9e,5e3b7511-4336-453e-8199-a4ec14956742,2023-05-14T06:49:53
02itaCXOdC54J0ISjqqFAp,5e3b7511-4336-453e-8199-a4ec14956742,2023-05-20T03:02:54
6T689Jvh5KrSXyaPtUWZtQ,5e3b7511-4336-453e-8199-a4ec14956742,2023-05-04T22:29:31
7Den80t52QFYu2zETQiMZQ,5e3b7511-4336-453e-8199-a4ec14956742,2023-05-17T21:35:11
7szuecWAPwGoV1e5vGu8tl,5e3b7511-4336-453e-8199-a4ec14956742,2023-04-27T03:38:51
6Alp15t6urC4opjJiyOqZu,5e3b7511-4336-453e-8199-a4ec14956742,2023-05-08T07:52:58
5mdooqkfMvf7LtIFKReUYg,5e3b7511-4336-453e-8199-a4ec14956742,2023-04-22T00:56:31
1SBs5cEBLhTugiSHko2qx4,5e3b7511-4336-453e-8199-a4ec14956742,2023-04-30T00:34:47
1ooi28X2XSQjWJRAGmsE89,5e3b7511-4336-453e-8199-a4ec14956742,2023-05-03T17:59:11
2U6UYzS1pzLrEKgycOn3Tv,5e3b7511-4336-453e-8199-a4ec14956742,2023-04-30T23:41:57
1fuZj2KGTc1b9YLfbITKk0,5e3b7511-4336-453e-8199-a4ec14956742,2023-05-02T13:12:35
6Y9XPY9REWZVamYddqRnZl,5e3b7511-4336-453e-8199-a4ec14956742,2023-05-12T08:17:02
3naM0aExICteWgsNwcPBHh,5e3b7511-4336-453e-8199-a4ec14956742,2023-05-06T19:04:28
0p4zgfOU12T4zD1vBc3FH2,5e3b7511-4336-453e-8199-a4ec14956742,2023-05-01T12:55:17
7KA4W4McWYRpgf0fWsJZWB,5e3b7511-4336-453e-8199-a4ec14956742,2023-05-09T19:44:42
72IGjRtsOv6kde11MBDALW,5e3b7511-4336-453e-8199-a4ec14956742,2023-05-17T01:42:57
3qqho4PnTn3zlMPBzWhFFD,5e3b7511-4336-453e-8199-a4ec14956742,2023-05-03T23:56:39
5r011NB07RHjABbuVGVIbd,5e3b7511-4336-453e-8199-a4ec14956742,2023-04-23T09:53:40
74d129hlgS0hebrVKwqCZG,5e3b7511-4336-453e-8199-a4ec14956742,2023-04-29T03:14:30
3EYOJ48Et32uATr9ZmLnAo,5e3b7511-4336-453e-8199-a4ec14956742,2023-04-27T17:35:02
2vgUijXOTRMnWXDtvgMp2b,5e3b7511-4336-453e-8199-a4ec14956742,2023-05-13T12:03:34
7Jmw61h7xeDNimsNIBfLbo,5e3b7511-4336-453e-8199-a4ec14956742,2023-04-30T11:10:26
39HRl8rm7Bus62P7drIier,5e3b7511-4336-453e-8199-a4ec14956742,2023-05-04T21:22:22
3qiKL0GLKNCxAcSOoV51rt,5e3b7511-4336-453e-8199-a4ec14956742,2023-05-11T08:16:41
2vTPWWm2Lgc6kI6a3Z3uXY,5e3b7511-4336-453e-8199-a4ec14956742,2023-04-21T09:13:31
3HyR1j49TY5ACP2lseF1jx,5e3b7511-4336-453e-8199-a4ec14956742,2023-04-27T12:10:06
5XtKGcfaH74NOkS9v6NqmD,5e3b7511-4336-453e-8199-a4ec14956742,2023-05-07T18:50:04
1jF7IL57ayN4Ity3jQqGu0,5e3b7511-4336-453e-8199-a4ec14956742,2023-05-05T00:46:36
5DtiHF6nx73Q9rdoI3oOWP,5e3b7511-4336-453e-8199-a4ec14956742,2023-04-21T04:49:00
0vFOzaXqZHahrZp6enQwQb,5e3b7511-4336-453e-8199-a4ec14956742,2023-05-16T19:43:20
3WXhshrs1fzwF3rQE399Gq,5e3b7511-4336-453e-8199-a4ec14956742,2023-05-11T08:45:50
4AFsRbaLKRWo3dDtjDFA2V,5e3b7511-4336-453e-8199-a4ec14956742,2023-04-26T10:14:45
3ERa3mEeOnrh2Mc47qM6T1,5e3b7511-4336-453e-8199-a4ec14956742,2023-05-19T00:23:19
2LBqCSwhJGcFQeTHMVGwy3,5e3b7511-4336-453e-8199-a4ec14956742,2023-05-13T21:09:45
5iauJeAX5A56vJLGFVrcNg,5e3b7511-4336-453e-8199-a4ec14956742,2023-04-21T16:47:54
5e08a8D8T3z4LDXbUIjxKQ,5e3b7511-4336-453e-8199-a4ec14956742,2023-05-20T07:17:58
1A7vJZxeu2W12c4AGBHqxv,5e3b7511-4336-453e-8199-a4ec14956742,2023-04-23T06:25:40
5EpPmsMyOYId0GzjXdr5bX,5e3b7511-4336-453e-8199-a4ec14956742,2023-04-23T08:31:15
03CK2ZmSE76JGn1FHPMp0r,5e3b7511-4336-453e-8199-a4ec14956742,2023-04-24T10:07:33
7xdHw4C522RbsxHL9KD9L6,5e3b7511-4336-453e-8199-a4ec14956742,2023-04-27T07:12:21
2QXvhG5wkzZthF2OTMIaNz,5e3b7511-4336-453e-8199-a4ec14956742,2023-05-17T08:51:33
4sOX1nhpKwFWPvoMMExi3q,5e3b7511-4336-453e-8199-a4ec14956742,2023-05-03T19:57:38
7oDd86yk8itslrA9HRP2ki,5e3b7511-4336-453e-8199-a4ec14956742,2023-05-09T18:47:55
5PHPENfE3RVmHGAA2A7Hfx,5e3b7511-4336-453e-8199-a4ec14956742,2023-05-08T21:47:27
1BJgVcJM3qQPThni12N0HM,5e3b7511-4336-453e-8199-a4ec14956742,2023-04-29T02:40:37
0vQYe6g8bNbdUKnUnXdQQV,5e3b7511-4336-453e-8199-a4ec14956742,2023-05-15T05:46:52
3tWa5qmAJ2OsHV6KxNZBxc,5e3b7511-4336-453e-8199-a4ec14956742,2023-05-15T22:29:04
4nYUJ36Qj9hIY9mKj8QZFF,5e3b7511-4336-453e-8199-a4ec14956742,2023-05-08T04:35:08
7bVtNuuRXxwEvKelw08FB0,5e3b7511-4336-453e-8199-a4ec14956742,2023-04-28T11:48:06
3N1bQ9rnwVXIKClKx6vcpG,5e3b7511-4336-453e-8199-a4ec14956742,2023-04-29T17:53:47
2WfaOiMkCvy7F5fcp2zZ8L,5e3b7511-4336-453e-8199-a4ec14956742,2023-05-16T04:55:09
1wTopxO5eQBpxrBXPSbsUn,5e3b7511-4336-453e-8199-a4ec14956742,2023-05-17T09:45:04
1hzP84H4vKVXVhPdG6exeT,5e3b7511-4336-453e-8199-a4ec14956742,2023-04-24T23:54:51
5FuqYDuS2U6ZFiZgTiSwKH,5e3b7511-4336-453e-8199-a4ec14956742,2023-05-01T10:56:45
7EAMXbLcL0qXmciM5SwMh2,5e3b7511-4336-453e-8199-a4ec14956742,2023-05-17T13:41:28
4s0wX54NOFSOWqbMcNjHhP,5e3b7511-4336-453e-8199-a4ec14956742,2023-04-27T15:01:05
6HU7h9RYOaPRFeh0R3UeAr,5e3b7511-4336-453e-8199-a4ec14956742,2023-05-09T02:35:09
2s9BO8c0co0PmgBiUoTT17,5e3b7511-4336-453e-8199-a4ec14956742,2023-05-11T21:03:58
1ox2Drazo4RGeEEA2COaOL,5e3b7511-4336-453e-8199-a4ec14956742,2023-04-21T11:18:49
35ILpvFvH8u8dVfjG2txtw,5e3b7511-4336-453e-8199-a4ec14956742,2023-05-18T21:07:18
1fLhGF1JfGQYj6EZLndD86,5e3b7511-4336-453e-8199-a4ec14956742,2023-05-07T13:59:06
4xR3MAscflQ262kMeiKshQ,5e3b7511-4336-453e-8199-a4ec14956742,2023-04-30T12:02:12
0LpE5tfNe15QLvQL4YDi7T,5e3b7511-4336-453e-8199-a4ec14956742,2023-05-03T14:22:50
4Ouhoi2lAhrLJKFzUqEzwl,5e3b7511-4336-453e-8199-a4ec14956742,2023-04-28T14:13:11
6ATcLYpnpXqoyaDaWPYOVb,5e3b7511-4336-453e-8199-a4ec14956742,2023-05-05T22:55:07
161JXhhbpEd58R35WxFFUh,5e3b7511-4336-453e-8199-a4ec14956742,2023-05-01T17:47:21
7GbqE3MlkKosIaCvf50JRK,5e3b7511-4336-453e-8199-a4ec14956742,2023-05-13T17:47:36
6cNTGVmP2CzJpLQ01QIaD0,5e3b7511-4336-453e-8199-a4ec14956742,2023-05-07T02:13:01
6Pxgz0NfYuChCMnzjSU8qQ,5e3b7511-4336-453e-8199-a4ec14956742,2023-05-07T04:16:47
1xzi1Jcr7mEi9K2RfzLOqS,5e3b7511-4336-453e-8199-a4ec14956742,2023-05-11T19:03:31
1EKRPz47FeZHIyV4u0j5GF,5e3b7511-4336-453e-8199-a4ec14956742,2023-05-20T09:15:18
18GYqfA9fxVyADOChg7qw6,5e3b7511-4336-453e-8199-a4ec14956742,2023-04-20T23:22:16
0yLdNVWF3Srea0uzk55zFn,5e3b7511-4336-453e-8199-a4ec14956742,2023-05-12T10:33:47
4YYCsaIVkJu78PlT7I3HRG,5e3b7511-4336-453e-8199-a4ec14956742,2023-05-15T00:53:56
5jqNQZBwbZWQXPWfo0ygZF,5e3b7511-4336-453e-8199-a4ec14956742,2023-04-26T08:25:21
2SC14LGDbRWRlyLg9Wupa0,5e3b7511-4336-453e-8199-a4ec14956742,2023-05-07T15:02:41
5WPXi7JQsDFEOAFGC8w8JU,5e3b7511-4336-453e-8199-a4ec14956742,2023-04-22T14:05:21
0O45fw2L5vsWpdsOdXwNAR,5e3b7511-4336-453e-8199-a4ec14956742,2023-05-13T03:40:08
0rQtoQXQfwpDW0c7Fw1NeM,5e3b7511-4336-453e-8199-a4ec14956742,2023-05-10T09:02:27
7msXzgcaJf7lStDOkfE8We,5e3b7511-4336-453e-8199-a4ec14956742,2023-04-21T15:09:00
7MwyCLXQ2OH3NAfz7ct0rE,5e3b7511-4336-453e-8199-a4ec14956742,2023-05-12T01:29:53
7b76ZM3xf6EjaIfsbfhJkZ,5e3b7511-4336-453e-8199-a4ec14956742,2023-04-23T12:17:24
2IhXds0wZkbklKo12XGhb4,5e3b7511-4336-453e-8199-a4ec14956742,2023-05-04T11:56:39
5UOsmH9THl7uN44NxUpEun,5e3b7511-4336-453e-8199-a4ec14956742,2023-05-06T23:30:51
2ZADgxHqVDEw98QQA4qCVa,5e3b7511-4336-453e-8199-a4ec14956742,2023-05-11T06:19:49
0sdbFOyfgAhAhWq8DpzkaW,5e3b7511-4336-453e-8199-a4ec14956742,2023-04-23T13:48:38
7b76ZM3xf6EjaIfsbfhJkZ,5e3b7511-4336-453e-8199-a4ec14956742,2023-04-27T19:33:45
3yA8BYEl4VsS2IqyaL6Mt6,5e3b7511-4336-453e-8199-a4ec14956742,2023-05-01T06:34:46
3EIgAuegl9y3MKfYyNb8jS,5e3b7511-4336-453e-8199-a4ec14956742,2023-05-15T04:59:16
12lZTPlXwUtrQuhEty6098,5e3b7511-4336-453e-8199-a4ec14956742,2023-05-05T22:05:17
7vRfxLcDDwgYW2WTrtEgUV,5e3b7511-4336-453e-8199-a4ec14956742,2023-04-28T09:37:56
4oUf1DEdGXozH3gTRJNmFW,5e3b7511-4336-453e-8199-a4ec14956742,2023-05-14T19:35:05
1gni0TfcnJB5Wn3VZnTuet,5e3b7511-4336-453e-8199-a4ec14956742,2023-05-05T20:16:48
4R77PNllrdwsvTRTx66BQn,5e3b7511-4336-453e-8199-a4ec14956742,2023-05-18T21:39:40
42PnVxGUSKziKSKXCNXoob,5e3b7511-4336-453e-8199-a4ec14956742,2023-04-25T20:18:20
3ovjw5HZZv43SxTwApooCM,5e3b7511-4336-453e-8199-a4ec14956742,2023-05-06T11:46:26
2vwlzO0Qp8kfEtzTsCXfyE,5e3b7511-4336-453e-8199-a4ec14956742,2023-04-24T06:13:13
5BUq9bdtsm3LWw5laJeJ4R,5e3b7511-4336-453e-8199-a4ec14956742,2023-05-11T08:42:55
4jwRrAA7n0e37ZxWQ57ulY,5e3b7511-4336-453e-8199-a4ec14956742,2023-04-29T09:29:49
1RAeuvRyRzCweAK3jUT0ZW,5e3b7511-4336-453e-8199-a4ec14956742,2023-05-01T22:31:27
3Fj47GNK2kUF0uaEDgXLaD,5e3b7511-4336-453e-8199-a4ec14956742,2023-04-24T01:38:41
6uAFJ75WDAoAPyCWJAtvks,5e3b7511-4336-453e-8199-a4ec14956742,2023-05-20T00:51:54
0Gew3eyKPiQ9ehxv0UxL4l,5e3b7511-4336-453e-8199-a4ec14956742,2023-04-20T18:42:37
4IBihEaN04iwfX5I9sGFj9,5e3b7511-4336-453e-8199-a4ec14956742,2023-05-01T21:34:55
5tyMJlMqaggzvuX7TtlrTe,5e3b7511-4336-453e-8199-a4ec14956742,2023-04-26T09:41:31
1P17dC1amhFzptugyAO7Il,5e3b7511-4336-453e-8199-a4ec14956742,2023-05-18T02:42:39
2bMgRkcHX3tcBmwQOQV7RJ,5e3b7511-4336-453e-8199-a4ec14956742,2023-04-22T07:23:55
2lIDUxxuvr1Qyl655ugUAl,5e3b7511-4336-453e-8199-a4ec14956742,2023-05-11T18:52:50
5G0BXfTpoHtUBmXMMXiub2,5e3b7511-4336-453e-8199-a4ec14956742,2023-05-15T20:23:00
3qqho4PnTn3zlMPBzWhFFD,5e3b7511-4336-453e-8199-a4ec14956742,2023-05-14T16:20:47
0yLdNVWF3Srea0uzk55zFn,5e3b7511-4336-453e-8199-a4ec14956742,2023-04-28T19:05:32
5EBoNoVE7BoGQ7Hfd2uGUR,5e3b7511-4336-453e-8199-a4ec14956742,2023-04-24T18:05:55
3npmGd0prBwxBIsFDkzc5w,5e3b7511-4336-453e-8199-a4ec14956742,2023-05-09T17:05:51
13LF0PjEpRvlzVnp0iLF6X,5e3b7511-4336-453e-8199-a4ec14956742,2023-05-11T00:55:15
0d23jazTOtlCCmNrTO9WIG,5e3b7511-4336-453e-8199-a4ec14956742,2023-05-03T18:20:17
2vz1CsL5WBsbpBcwgboTAw,5e3b7511-4336-453e-8199-a4ec14956742,2023-04-22T07:41:03
6Y9XPY9REWZVamYddqRnZl,5e3b7511-4336-453e-8199-a4ec14956742,2023-05-05T18:20:28
5LvPFFrzALxWG1qp5ku89q,5e3b7511-4336-453e-8199-a4ec14956742,2023-04-22T15:35:03
3V6JMl5M8b1agcuoqDZfXt,5e3b7511-4336-453e-8199-a4ec14956742,2023-05-14T08:07:28
3H12RMifECwqJvxAb8Ljp3,5e3b7511-4336-453e-8199-a4ec14956742,2023-05-08T08:55:57
7LcfRTgAVTs5pQGEQgUEzN,5e3b7511-4336-453e-8199-a4ec14956742,2023-04-23T04:46:08
03CK2ZmSE76JGn1FHPMp0r,5e3b7511-4336-453e-8199-a4ec14956742,2023-05-12T20:06:15
15JINEqzVMv3SvJTAXAKED,5e3b7511-4336-453e-8199-a4ec14956742,2023-05-03T17:09:48
7zmMlHeeN2DW8D8aKQYC0i,5e3b7511-4336-453e-8199-a4ec14956742,2023-05-06T03:54:18
20QoFTI0fp2dNNexlHDhTe,5e3b7511-4336-453e-8199-a4ec14956742,2023-04-26T19:04:43
5wMAjRinSaSdslfAYkIZP4,5e3b7511-4336-453e-8199-a4ec14956742,2023-04-26T04:45:15
5aqLROQOpWX2H8Q3b0IB6b,5e3b7511-4336-453e-8199-a4ec14956742,2023-04-21T09:23:37
2EC9IJj7g0mN1Q5VrZkiYY,5e3b7511-4336-453e-8199-a4ec14956742,2023-05-20T08:29:03
3zGNV1pFKnTMuuTy3npamE,5e3b7511-4336-453e-8199-a4ec14956742,2023-04-27T01:22:57
2ekn2ttSfGqwhhate0LSR0,5e3b7511-4336-453e-8199-a4ec14956742,2023-05-12T14:38:43
5tMNfvZZTSmeterYKXYjdL,5e3b7511-4336-453e-8199-a4ec14956742,2023-05-18T14:44:14
7fTHsJVOkhU2UsaXFDNzI7,5e3b7511-4336-453e-8199-a4ec14956742,2023-05-05T13:01:49
7oDd86yk8itslrA9HRP2ki,5e3b7511-4336-453e-8199-a4ec14956742,2023-05-20T07:21:44
5mEkLflNw2BilpJvJ0W7UC,5e3b7511-4336-453e-8199-a4ec14956742,2023-05-11T20:51:27
49QIaKGSkjcx3HAaWXDDQD,5e3b7511-4336-453e-8199-a4ec14956742,2023-05-17T18:14:41
0l0rsX4n7e7M4N2h6M3jrR,5e3b7511-4336-453e-8199-a4ec14956742,2023-05-19T01:15:04
6EeuY84I1Q3UJvpPN6iSzw,5e3b7511-4336-453e-8199-a4ec14956742,2023-04-30T18:58:10
3jP3coGrROR7kjiDlpoRph,5e3b7511-4336-453e-8199-a4ec14956742,2023-04-21T13:01:52
3sceNZTdQ1CSlSULPbGlV2,5e3b7511-4336-453e-8199-a4ec14956742,2023-04-24T14:04:54
3te7ARnjkDCDalCyTkB5a4,5e3b7511-4336-453e-8199-a4ec14956742,2023-05-19T13:20:57
6O20JhBJPePEkBdrB5sqRx,5e3b7511-4336-453e-8199-a4ec14956742,2023-05-01T19:54:10
6Xoc4QevozD6Bfh8SlWrfY,5e3b7511-4336-453e-8199-a4ec14956742,2023-05-10T10:06:47
5mWylOO0m2YQcAx67mgstG,5e3b7511-4336-453e-8199-a4ec14956742,2023-05-01T02:57:29
39cc405lc5WqDnCvmUrP52,5e3b7511-4336-453e-8199-a4ec14956742,2023-05-15T08:27:09
77NNZQSqzLNqh2A9JhLRkg,5e3b7511-4336-453e-8199-a4ec14956742,2023-04-27T14:23:33
2Ekx8lzXbAh5KNyOvmmjH5,5e3b7511-4336-453e-8199-a4ec14956742,2023-05-16T19:33:00
6hFfcBZz36QEIHh3BukdS0,5e3b7511-4336-453e-8199-a4ec14956742,2023-05-08T09:38:57
4pfxefygvuMNU3zuBP02LM,5e3b7511-4336-453e-8199-a4ec14956742,2023-05-04T04:09:05
1gPmtfOz51efjpH8j79FHO,5e3b7511-4336-453e-8199-a4ec14956742,2023-04-26T03:39:37
6Pxgz0NfYuChCMnzjSU8qQ,5e3b7511-4336-453e-8199-a4ec14956742,2023-04-21T22:46:30
6HU7h9RYOaPRFeh0R3UeAr,5e3b7511-4336-453e-8199-a4ec14956742,2023-04-20T22:21:41
6c3qhnJnDalbbgC7CAijbn,5e3b7511-4336-453e-8199-a4ec14956742,2023-05-09T07:51:54
25Qhv8C8Auh6vhytfZzuCy,5e3b7511-4336-453e-8199-a4ec14956742,2023-04-30T03:53:58
2oxtQ84p1j5GmyzmD50Lq0,5e3b7511-4336-453e-8199-a4ec14956742,2023-05-16T16:55:25
5DtiHF6nx73Q9rdoI3oOWP,5e3b7511-4336-453e-8199-a4ec14956742,2023-05-15T20:08:53
33vS1ObomckEx0Yp59nR2P,5e3b7511-4336-453e-8199-a4ec14956742,2023-04-28T09:56:54
3VZQshi4COChhXaz7cLP02,5e3b7511-4336-453e-8199-a4ec14956742,2023-05-04T15:31:10
27SdWb2rFzO6GWiYDBTD9j,5e3b7511-4336-453e-8199-a4ec14956742,2023-05-07T13:19:10
5evz6ANSQQI09Q1p8aGNCH,5e3b7511-4336-453e-8199-a4ec14956742,2023-04-22T22:45:44
1DNdiVa4a9dNrC41VEJBtd,5e3b7511-4336-453e-8199-a4ec14956742,2023-05-01T23:35:26
1IX5GViQx1q2CEllC0FOd6,5e3b7511-4336-453e-8199-a4ec14956742,2023-04-29T07:59:45
0mKGwFMHzTprtS2vpR3b6s,5e3b7511-4336-453e-8199-a4ec14956742,2023-05-12T02:18:42
0vFOzaXqZHahrZp6enQwQb,5e3b7511-4336-453e-8199-a4ec14956742,2023-05-08T02:59:05
3dNodglI565xRmYgDDoysV,5e3b7511-4336-453e-8199-a4ec14956742,2023-05-02T22:55:40
1eqK5xetA9qkvZ8AMTjLt5,5e3b7511-4336-453e-8199-a4ec14956742,2023-05-11T07:23:56
4L7Y2OAPiY2I2GndZjAs5K,5e3b7511-4336-453e-8199-a4ec14956742,2023-04-27T12:50:28
1AL0StSc00aZBBd8Ggktgj,5e3b7511-4336-453e-8199-a4ec14956742,2023-05-04T04:34:27
39LLxExYz6ewLAcYrzQQyP,5e3b7511-4336-453e-8199-a4ec14956742,2023-04-28T16:02:07
4MuoE4t1lp2Nkg7b2218Dr,5e3b7511-4336-453e-8199-a4ec14956742,2023-05-12T12:39:11
6iOhd5wNnvvwGDEuNILvM5,5e3b7511-4336-453e-8199-a4ec14956742,2023-05-14T10:45:54
3zkRKcH2OdhHS6FUtX3P1o,5e3b7511-4336-453e-8199-a4ec14956742,2023-05-17T00:15:34
5u4QljLp2y0sFakVSl9C9J,5e3b7511-4336-453e-8199-a4ec14956742,2023-05-12T04:13:46
63gEwBbFtKIb4DQrZdODj7,5e3b7511-4336-453e-8199-a4ec14956742,2023-05-19T03:47:26
2ZFu40Ik8VsUE9H87W0MmZ,5e3b7511-4336-453e-8199-a4ec14956742,2023-04-21T07:21:37
6jY15i46P3Z39tcE0ixDXj,5e3b7511-4336-453e-8199-a4ec14956742,2023-05-11T17:23:08
5rwaFjD2ctbrsvh8tFP4cM,5e3b7511-4336-453e-8199-a4ec14956742,2023-05-10T23:17:06
4eZPjR0dLEYvH5Ku26rnLi,5e3b7511-4336-453e-8199-a4ec14956742,2023-05-14T03:45:55
6r3OfOiiChD8JNYXCPvM3J,5e3b7511-4336-453e-8199-a4ec14956742,2023-04-26T07:39:49
4E8KoNTXZnWDE3cCjjw8FU,5e3b7511-4336-453e-8199-a4ec14956742,2023-05-03T23:41:36
6TwcRSQgztJFw8tQDrs35D,5e3b7511-4336-453e-8199-a4ec14956742,2023-04-25T18:47:00
0K3u2t8YNuJ5NR9lKC1frv,5e3b7511-4336-453e-8199-a4ec14956742,2023-05-07T10:57:51
2eFsVynOiCxtI4kvX0XClm,5e3b7511-4336-453e-8199-a4ec14956742,2023-05-14T11:25:07
0wrs5ucXutScEWOhdWdGBB,5e3b7511-4336-453e-8199-a4ec14956742,2023-04-30T11:29:32
7u6DMPznGbpziuEgCE0JGQ,5e3b7511-4336-453e-8199-a4ec14956742,2023-05-05T21:58:09
4i2qxFEVVUi8yOYoxB8TCX,5e3b7511-4336-453e-8199-a4ec14956742,2023-05-09T20:51:44
39HRl8rm7Bus62P7drIier,5e3b7511-4336-453e-8199-a4ec14956742,2023-04-29T11:24:54
65wEaW5gwitTZt8JA7iugo,5e3b7511-4336-453e-8199-a4ec14956742,2023-05-09T07:44:29
52glZ4iHnVHRulq0jEjlUb,5e3b7511-4336-453e-8199-a4ec14956742,2023-04-29T07:40:28
2EmAjd2vmT7BGcjIUEG7QR,5e3b7511-4336-453e-8199-a4ec14956742,2023-05-03T05:14:10
3osQ5lSSqZb8HWRozdbVPw,5e3b7511-4336-453e-8199-a4ec14956742,2023-05-13T18:20:52
3QRqN7McYHxVyfGW7jy4vR,5e3b7511-4336-453e-8199-a4ec14956742,2023-04-22T14:36:00
775zUbtumfo0pPa7WsTyJv,5e3b7511-4336-453e-8199-a4ec14956742,2023-05-01T21:17:06
5e9TFTbltYBg2xThimr0rU,5e3b7511-4336-453e-8199-a4ec14956742,2023-05-08T17:45:55
1ojRut8t5RYNmLpJkEdJ3V,5e3b7511-4336-453e-8199-a4ec14956742,2023-05-05T12:42:14
01uk7IzZyFNfQTDBXxx6NB,5e3b7511-4336-453e-8199-a4ec14956742,2023-05-19T19:09:29
77NNZQSqzLNqh2A9JhLRkg,5e3b7511-4336-453e-8199-a4ec14956742,2023-05-11T06:45:17
2HNeTkUlXU55TqWADzh0CE,5e3b7511-4336-453e-8199-a4ec14956742,2023-05-20T03:29:59
3Fj47GNK2kUF0uaEDgXLaD,5e3b7511-4336-453e-8199-a4ec14956742,2023-05-08T21:02:47
7Den80t52QFYu2zETQiMZQ,5e3b7511-4336-453e-8199-a4ec14956742,2023-05-03T20:40:18
24LS4lQShWyixJ0ZrJXfJ5,5e3b7511-4336-453e-8199-a4ec14956742,2023-05-01T23:07:44
4QlMiL1BPCBzLfn1XbSkpg,5e3b7511-4336-453e-8199-a4ec14956742,2023-04-25T10:02:55
0SzvmWfOhoxZVGrmvb56YL,5e3b7511-4336-453e-8199-a4ec14956742,2023-05-01T02:26:23
2lFTzUnuGaWlWHJQokjRyb,5e3b7511-4336-453e-8199-a4ec14956742,2023-05-12T23:14:26
300YN8ebGB90nDuzgz0f3O,5e3b7511-4336-453e-8199-a4ec14956742,2023-04-23T04:32:12
7H7SHw3YWXhb4zYqyoPNa1,5e3b7511-4336-453e-8199-a4ec14956742,2023-05-12T10:19:55
0ufuGVacmDQrO2ubj0yyQh,5e3b7511-4336-453e-8199-a4ec14956742,2023-05-16T12:04:53
29rrJBtcsOk3IjLfe5YUHI,5e3b7511-4336-453e-8199-a4ec14956742,2023-04-21T04:51:24
7vHmfnKJMWYWzS1H3dC5VF,5e3b7511-4336-453e-8199-a4ec14956742,2023-05-04T05:44:43
31ABtQJdfloNaGz7ZhXaN5,5e3b7511-4336-453e-8199-a4ec14956742,2023-04-30T00:09:34
0d23jazTOtlCCmNrTO9WIG,5e3b7511-4336-453e-8199-a4ec14956742,2023-05-09T05:14:29
5UmLoBLWWRnqGhPfVWRgGd,5e3b7511-4336-453e-8199-a4ec14956742,2023-05-02T07:40:29
38Rf2a5GyLjH6I6vP4gB3G,5e3b7511-4336-453e-8199-a4ec14956742,2023-05-02T14:45:51
3rk4aJ0vAj3cFUIQEeASkT,5e3b7511-4336-453e-8199-a4ec14956742,2023-05-09T23:44:56
51NFxnQvaosfDDutk0tams,5e3b7511-4336-453e-8199-a4ec14956742,2023-05-12T20:37:27
2FJbI3eMCaEmvNFpcmDLys,5e3b7511-4336-453e-8199-a4ec14956742,2023-05-01T09:51:19
1HwuSP4S2lun5IExwkCEOi,5e3b7511-4336-453e-8199-a4ec14956742,2023-04-27T04:03:34
2XoJLY62n0akvhs1PIYnlO,5e3b7511-4336-453e-8199-a4ec14956742,2023-04-27T19:46:47
0HKr9aqzHBsVNnsUCdH4bw,5e3b7511-4336-453e-8199-a4ec14956742,2023-04-26T18:51:30
4RvWPyQ5RL0ao9LPZeSouE,5e3b7511-4336-453e-8199-a4ec14956742,2023-05-18T09:52:08
0m6XaR2bZiQwgqTCN8nZcA,5e3b7511-4336-453e-8199-a4ec14956742,2023-05-06T20:25:00
3E6F2i5nyLx172lueXeHZ3,5e3b7511-4336-453e-8199-a4ec14956742,2023-05-14T19:22:58
16EMONl2vH3rt9f4ehTG8g,5e3b7511-4336-453e-8199-a4ec14956742,2023-05-09T18:34:27
7vRfxLcDDwgYW2WTrtEgUV,5e3b7511-4336-453e-8199-a4ec14956742,2023-05-12T06:34:23
3VY4gJbIlasoI0VNSxXBUm,5e3b7511-4336-453e-8199-a4ec14956742,2023-05-12T16:30:48
50z6C3DC3n8hYrgYtzUZ3i,5e3b7511-4336-453e-8199-a4ec14956742,2023-05-19T23:31:55
6D60klaHqbCl9ySc8VcRss,5e3b7511-4336-453e-8199-a4ec14956742,2023-05-10T02:08:22
0YmX4BrysvLQ3PHKlfZWqQ,5e3b7511-4336-453e-8199-a4ec14956742,2023-04-28T17:43:18
1Ym6aMuT5bliaZMC67AmPp,5e3b7511-4336-453e-8199-a4ec14956742,2023-05-10T17:58:47
7IWkJwX9C0J7tHurTD7ViL,5e3b7511-4336-453e-8199-a4ec14956742,2023-05-11T11:26:13
64E3ELRApb9HEpHGGikfmo,5e3b7511-4336-453e-8199-a4ec14956742,2023-04-25T04:32:08
4EgGFRir6rg8sUSZewSrSg,5e3b7511-4336-453e-8199-a4ec14956742,2023-05-01T23:50:16
0t6o8h8UnKIxGAzHXH1QKf,5e3b7511-4336-453e-8199-a4ec14956742,2023-05-17T12:28:49
4b7mLZQWsy0rLnrMtPA9fQ,5e3b7511-4336-453e-8199-a4ec14956742,2023-05-03T16:03:46
2SUQGI9ztmp0PQd1J8SVHx,5e3b7511-4336-453e-8199-a4ec14956742,2023-05-15T06:34:50
5kcuHw8WtxauIWI5crMcLM,5e3b7511-4336-453e-8199-a4ec14956742,2023-04-28T20:02:54
5kcE7pp02ezLZaUbbMv3Iq,5e3b7511-4336-453e-8199-a4ec14956742,2023-04-23T04:02:40
65wEaW5gwitTZt8JA7iugo,5e3b7511-4336-453e-8199-a4ec14956742,2023-05-06T19:53:49
3leQLTAf9btWYR0bbIiHeZ,5e3b7511-4336-453e-8199-a4ec14956742,2023-04-28T18:12:43
1XpVftNjBP3Aj7d8BBQcBR,5e3b7511-4336-453e-8199-a4ec14956742,2023-04-30T22:53:07
3npmGd0prBwxBIsFDkzc5w,5e3b7511-4336-453e-8199-a4ec14956742,2023-05-19T17:17:22
7nzsY8vlnKdvGOEE0rjAXZ,5e3b7511-4336-453e-8199-a4ec14956742,2023-05-18T06:57:22
0314PeD1sQNonfVWix3B2K,5e3b7511-4336-453e-8199-a4ec14956742,2023-05-02T06:08:55
70khXICDeTTxgYtw3EysKH,5e3b7511-4336-453e-8199-a4ec14956742,2023-05-05T06:42:38
3yvZ1VUso9Xi7EvIyLaj4o,5e3b7511-4336-453e-8199-a4ec14956742,2023-04-29T12:12:02
33vS1ObomckEx0Yp59nR2P,5e3b7511-4336-453e-8199-a4ec14956742,2023-05-16T17:33:43
4ckvZ4nJ6JRwshw45i7k4i,5e3b7511-4336-453e-8199-a4ec14956742,2023-05-16T16:09:44
6ufcuVInt0ocHrUimDjGlb,5e3b7511-4336-453e-8199-a4ec14956742,2023-05-13T06:25:52
7sKbyYeJnITO1Eh9xd0lKd,5e3b7511-4336-453e-8199-a4ec14956742,2023-05-11T23:54:31
6NmEbJz0hXsoe5mogu23it,5e3b7511-4336-453e-8199-a4ec14956742,2023-05-01T11:24:26
6ufcuVInt0ocHrUimDjGlb,5e3b7511-4336-453e-8199-a4ec14956742,2023-05-01T03:21:21
6EeuY84I1Q3UJvpPN6iSzw,5e3b7511-4336-453e-8199-a4ec14956742,2023-05-02T08:34:24
6HU7h9RYOaPRFeh0R3UeAr,5e3b7511-4336-453e-8199-a4ec14956742,2023-05-18T00:26:26
1RAeuvRyRzCweAK3jUT0ZW,5e3b7511-4336-453e-8199-a4ec14956742,2023-04-28T15:04:51
2SZBPI1GPwNTEKPrwWYJ54,5e3b7511-4336-453e-8199-a4ec14956742,2023-05-14T04:34:48
6dDIOU6AqgLkrjFNPgvKY6,5e3b7511-4336-453e-8199-a4ec14956742,2023-04-24T03:03:35
5PSnKbioUF82HIEJct1ZQz,5e3b7511-4336-453e-8199-a4ec14956742,2023-05-11T17:52:36
4bp2wYweUPvsBrQfntdYcr,5e3b7511-4336-453e-8199-a4ec14956742,2023-05-16T17:56:34
3BJe4B8zGnqEdQPMvfVjuS,5e3b7511-4336-453e-8199-a4ec14956742,2023-05-16T23:12:12
7zyZ9yPXIQebb79PrMghpV,5e3b7511-4336-453e-8199-a4ec14956742,2023-05-03T17:32:26
4Ouhoi2lAhrLJKFzUqEzwl,5e3b7511-4336-453e-8199-a4ec14956742,2023-04-30T12:35:23
7MIhUdNJtaOnDmC5nBC1fb,5e3b7511-4336-453e-8199-a4ec14956742,2023-05-06T12:37:46
3JSZxKqMPAf3pMQqI8apNI,5e3b7511-4336-453e-8199-a4ec14956742,2023-04-21T00:19:02
0mx1IpcgziXENQOcqpHeMp,5e3b7511-4336-453e-8199-a4ec14956742,2023-05-06T05:53:03
55K24vPjLgAX8yLAq8fErj,5e3b7511-4336-453e-8199-a4ec14956742,2023-05-13T10:36:29
3k4CoiIQXiNBrwrmbBMDxj,5e3b7511-4336-453e-8199-a4ec14956742,2023-05-10T11:39:57
6u0EAxf1OJTLS7CvInuNd7,5e3b7511-4336-453e-8199-a4ec14956742,2023-04-25T17:39:24
5XZur2QUZ1yY1OclXoKFUt,5e3b7511-4336-453e-8199-a4ec14956742,2023-05-02T01:16:41
5i7ThJfYLAzp2DyZuFpF6j,5e3b7511-4336-453e-8199-a4ec14956742,2023-05-02T00:43:16
4Wos0h9ECU2Z3oJMTQxpbc,5e3b7511-4336-453e-8199-a4ec14956742,2023-05-03T16:47:55
5Jtnn2H9xsyojLCv3ps8Vb,5e3b7511-4336-453e-8199-a4ec14956742,2023-05-04T06:47:54
1y5iaA4DFXeMFlrxpQhgn5,5e3b7511-4336-453e-8199-a4ec14956742,2023-05-08T22:17:13
4xyNG8vZR3g8FnphVkbjRo,5e3b7511-4336-453e-8199-a4ec14956742,2023-05-20T04:17:02
368UaeqCCqT237KgIN8H5I,5e3b7511-4336-453e-8199-a4ec14956742,2023-05-10T00:37:43
4yPmTUkWmUfLPQLCccp0DR,5e3b7511-4336-453e-8199-a4ec14956742,2023-05-07T04:20:16
44JxL1qNXXQYniZ5T3MUs9,5e3b7511-4336-453e-8199-a4ec14956742,2023-04-27T18:03:15
4z8Ux1YLON91CcVRXsZKrS,5e3b7511-4336-453e-8199-a4ec14956742,2023-04-29T17:03:19
1svZgUprTJv3gCCDEfPSmB,5e3b7511-4336-453e-8199-a4ec14956742,2023-05-09T16:06:47
086myS9r57YsLbJpU0TgK9,5e3b7511-4336-453e-8199-a4ec14956742,2023-05-18T15:57:05
3Ln3YN5jFwFUwcLFGxES5L,5e3b7511-4336-453e-8199-a4ec14956742,2023-04-23T13:54:28
5dEJc0rHuTVxtl1xljDbRv,5e3b7511-4336-453e-8199-a4ec14956742,2023-05-07T21:30:06
5tMNfvZZTSmeterYKXYjdL,5e3b7511-4336-453e-8199-a4ec14956742,2023-05-02T03:20:44
3oHNJECGN3bBoGXejlw2b1,5e3b7511-4336-453e-8199-a4ec14956742,2023-04-23T15:21:46
2gRu2dsNb5Is81KbiU2c7n,5e3b7511-4336-453e-8199-a4ec14956742,2023-04-22T03:14:29
3uUCgL0cbSd0isnqhHCm1f,5e3b7511-4336-453e-8199-a4ec14956742,2023-05-17T01:52:53
4ZtFanR9U6ndgddUvNcjcG,5e3b7511-4336-453e-8199-a4ec14956742,2023-04-30T03:52:33
37PPB2oW67yjvArQPYQxRU,5e3b7511-4336-453e-8199-a4ec14956742,2023-05-20T10:50:45
1ZCGJWmpz5SIxglPFo1QTX,5e3b7511-4336-453e-8199-a4ec14956742,2023-05-20T03:36:53
4XaG9IpCXklOcuau1sIrUX,5e3b7511-4336-453e-8199-a4ec14956742,2023-04-23T17:20:11
2HWWNoWEEEECwZhAiLg7ib,5e3b7511-4336-453e-8199-a4ec14956742,2023-05-10T19:41:07
4bsF2ZJgmq2JiDfyIV3CaX,5e3b7511-4336-453e-8199-a4ec14956742,2023-04-28T06:11:11
3Gbj3APyVHwUzpnHBCtGKP,5e3b7511-4336-453e-8199-a4ec14956742,2023-04-28T12:24:09
5ADsYkqsZvaPeoPqEHYr2X,5e3b7511-4336-453e-8199-a4ec14956742,2023-05-11T11:24:03
5rwaFjD2ctbrsvh8tFP4cM,5e3b7511-4336-453e-8199-a4ec14956742,2023-05-05T02:16:15
5nBZ1qcfnXReShFL023SHy,5e3b7511-4336-453e-8199-a4ec14956742,2023-04-30T15:14:06
5OqmLY18KXsZR1aGrXP3ZI,5e3b7511-4336-453e-8199-a4ec14956742,2023-04-26T09:32:47
4Z55uZ0HeExpxo2MHOs9PE,5e3b7511-4336-453e-8199-a4ec14956742,2023-04-26T15:00:59
57F80059mWaWFvWG3tBTbO,5e3b7511-4336-453e-8199-a4ec14956742,2023-05-08T22:08:09
0Fl4eWzVaMUOdXcOrj6F1q,5e3b7511-4336-453e-8199-a4ec14956742,2023-05-15T01:59:48
1bMLlAmVfFZOl0z4gTAsHx,5e3b7511-4336-453e-8199-a4ec14956742,2023-05-08T10:33:37
6f5TuB9WtbA1g49A4DcMQ4,5e3b7511-4336-453e-8199-a4ec14956742,2023-05-12T00:13:28
3ioJ2eGWcONEvna37MpsiE,5e3b7511-4336-453e-8199-a4ec14956742,2023-05-15T18:24:12
1V6gIisPpYqgFeWbMLI0bA,5e3b7511-4336-453e-8199-a4ec14956742,2023-05-13T07:02:26
0ByMNEPAPpOR5H69DVrTNy,5e3b7511-4336-453e-8199-a4ec14956742,2023-05-02T00:48:59
0iq0P0HYtpChhUNH5KuqQK,5e3b7511-4336-453e-8199-a4ec14956742,2023-05-12T10:46:49
3TYT0onRi1Ri5FniasScfg,5e3b7511-4336-453e-8199-a4ec14956742,2023-05-04T12:57:35
4eU7lxV6m9wULReRRtGaZ8,5e3b7511-4336-453e-8199-a4ec14956742,2023-05-15T05:26:20
7DXGKFjM7GNkJd32oXstGY,5e3b7511-4336-453e-8199-a4ec14956742,2023-04-26T01:07:22
58CZs7Ukdj3bI9BvcykOa2,5e3b7511-4336-453e-8199-a4ec14956742,2023-04-23T21:27:08
7gkWXbAxIYuvtOpcN3p9GJ,5e3b7511-4336-453e-8199-a4ec14956742,2023-05-09T10:09:57
7ktS8xxspFseXxQecbg5Ll,5e3b7511-4336-453e-8199-a4ec14956742,2023-04-23T13:03:57
0EtcGmf2mVZbHWq2ZGP3t7,5e3b7511-4336-453e-8199-a4ec14956742,2023-04-29T19:24:43
5p9XWUdvbUzmPCukOmwoU3,5e3b7511-4336-453e-8199-a4ec14956742,2023-05-14T23:22:32
02V0fopGouDF5GbDHftv4S,5e3b7511-4336-453e-8199-a4ec14956742,2023-05-19T14:05:56
3Yq9YH03a465fC7KniT8xL,5e3b7511-4336-453e-8199-a4ec14956742,2023-05-02T06:22:06
3G3lsgSsvLlUGXynBZgvuq,5e3b7511-4336-453e-8199-a4ec14956742,2023-05-12T07:49:07
45XVGZl9w7BoTo4bR9NRJo,5e3b7511-4336-453e-8199-a4ec14956742,2023-05-13T23:33:19
4hJ5VaRy16jJcENIMZT4sl,5e3b7511-4336-453e-8199-a4ec14956742,2023-05-12T20:02:39
5FTCKvxzqy72ceS4Ujux4N,5e3b7511-4336-453e-8199-a4ec14956742,2023-04-30T19:00:49
3xqtvSfofDvSMVwwSbuvKi,5e3b7511-4336-453e-8199-a4ec14956742,2023-04-20T18:15:05
16njnc6I37mlmuLYFdxrsq,5e3b7511-4336-453e-8199-a4ec14956742,2023-04-26T14:47:59
3oJzE5dSRl51xxzLeih0sy,5e3b7511-4336-453e-8199-a4ec14956742,2023-04-24T06:47:49
7vqcfNh8y6QbXlED2H3RyO,5e3b7511-4336-453e-8199-a4ec14956742,2023-04-21T06:22:43
1vv2owN12FAwGDwHcsnphg,5e3b7511-4336-453e-8199-a4ec14956742,2023-04-20T15:40:21
487OPlneJNni3NWC8SYqhW,5e3b7511-4336-453e-8199-a4ec14956742,2023-05-19T02:30:10
0SiywuOBRcynK0uKGWdCnn,5e3b7511-4336-453e-8199-a4ec14956742,2023-04-23T05:40:30
2TOzTqQXNmR2zDJXihjZ2e,5e3b7511-4336-453e-8199-a4ec14956742,2023-05-10T02:13:24
5UeLuozsBQbBj1MmB6joHz,5e3b7511-4336-453e-8199-a4ec14956742,2023-04-30T23:23:33
7CE2iLN8kTQTlLX4ry6SKT,5e3b7511-4336-453e-8199-a4ec14956742,2023-04-28T21:05:47
0Px635uI5tiebCJE4BqLPM,5e3b7511-4336-453e-8199-a4ec14956742,2023-05-06T05:13:53
225xvV8r1yKMHErSWivnow,5e3b7511-4336-453e-8199-a4ec14956742,2023-05-17T02:48:42
4rHZZAmHpZrA3iH5zx8frV,5e3b7511-4336-453e-8199-a4ec14956742,2023-05-06T14:56:08
6QAztdj5jtr41PL56WcgvP,5e3b7511-4336-453e-8199-a4ec14956742,2023-05-14T23:35:59
7rLDARtJALM7QdiJDMXW7m,5e3b7511-4336-453e-8199-a4ec14956742,2023-04-23T08:54:33
5Dk8Kcb7sWoeSLsuYIKrgm,5e3b7511-4336-453e-8199-a4ec14956742,2023-05-15T15:19:23
54KUdBTZKBMAWt8P4g1RZf,5e3b7511-4336-453e-8199-a4ec14956742,2023-05-16T16:14:38
4NMD8KWxZwCrff9uHhVqSn,5e3b7511-4336-453e-8199-a4ec14956742,2023-04-22T01:00:28
1sRByD63uI8ZJAOSPDczXF,5e3b7511-4336-453e-8199-a4ec14956742,2023-05-16T04:07:49
5BUq9bdtsm3LWw5laJeJ4R,5e3b7511-4336-453e-8199-a4ec14956742,2023-04-29T02:45:00
14K8hW2G2QR14sN5nl0VG1,5e3b7511-4336-453e-8199-a4ec14956742,2023-05-20T11:15:03
15VFxtYo1klVvuzKOvgmQM,5e3b7511-4336-453e-8199-a4ec14956742,2023-04-28T02:14:55
687nVbPkWZfMMF0sX4gLEL,5e3b7511-4336-453e-8199-a4ec14956742,2023-05-08T02:04:31
4TZdeM7zelZGz6JPrXSEZ1,5e3b7511-4336-453e-8199-a4ec14956742,2023-05-14T02:48:36
3kMrazSvILsgcwtidZd1Qd,5e3b7511-4336-453e-8199-a4ec14956742,2023-04-29T05:50:26
1xzi1Jcr7mEi9K2RfzLOqS,5e3b7511-4336-453e-8199-a4ec14956742,2023-05-16T23:40:42
3AiXzUyFAFZVBGVAADPN5a,5e3b7511-4336-453e-8199-a4ec14956742,2023-05-16T07:34:36
57cpm8JZkZn6P7mM4KyQLe,5e3b7511-4336-453e-8199-a4ec14956742,2023-05-03T12:56:42
1TfqLAPs4K3s2rJMoCokcS,5e3b7511-4336-453e-8199-a4ec14956742,2023-05-07T00:06:54
2tUBqZG2AbRi7Q0BIrVrEj,5e3b7511-4336-453e-8199-a4ec14956742,2023-04-28T08:34:40
3JvTWWbauZ4hyVrT2OsePb,5e3b7511-4336-453e-8199-a4ec14956742,2023-05-09T22:08:21
0rmGAIH9LNJewFw7nKzZnc,5e3b7511-4336-453e-8199-a4ec14956742,2023-05-07T12:02:08
3E6F2i5nyLx172lueXeHZ3,5e3b7511-4336-453e-8199-a4ec14956742,2023-05-11T04:24:00
3R2FxfQsTs5Ei2twCe339s,5e3b7511-4336-453e-8199-a4ec14956742,2023-04-26T15:50:39
2nGVWtDBkCEhziZdY2gOGY,5e3b7511-4336-453e-8199-a4ec14956742,2023-05-18T05:54:03
7F25roCtYi55JouckaayPC,5e3b7511-4336-453e-8199-a4ec14956742,2023-05-12T03:55:39
2sjqD4Tm2qWwjWVYtHyhFA,5e3b7511-4336-453e-8199-a4ec14956742,2023-05-12T07:45:47
5ZX1X9Rl4zbx1Wwyn3idVD,5e3b7511-4336-453e-8199-a4ec14956742,2023-05-11T20:18:31
6O20JhBJPePEkBdrB5sqRx,5e3b7511-4336-453e-8199-a4ec14956742,2023-05-13T22:32:57
336ZYcU6poBWi3s8yzRcAD,5e3b7511-4336-453e-8199-a4ec14956742,2023-05-17T21:27:56
1bjKhiru9zzvXXxqnQi7Zl,5e3b7511-4336-453e-8199-a4ec14956742,2023-04-23T10:29:58
3kikZxz3Sg6lwG72ZLssIL,5e3b7511-4336-453e-8199-a4ec14956742,2023-05-10T16:07:44
3O0izqvKM8cRdV8EgOiE7b,5e3b7511-4336-453e-8199-a4ec14956742,2023-05-17T12:32:14
5jqNQZBwbZWQXPWfo0ygZF,5e3b7511-4336-453e-8199-a4ec14956742,2023-05-06T11:24:24
6ocbgoVGwYJhOv1GgI9NsF,5e3b7511-4336-453e-8199-a4ec14956742,2023-05-01T04:38:23
1w7cgGZR86yWz1pA2puVJD,5e3b7511-4336-453e-8199-a4ec14956742,2023-04-24T17:51:49
0TwmUrZwz4VukbeUUtuMrg,5e3b7511-4336-453e-8199-a4ec14956742,2023-04-24T20:28:36
2gam98EZKrF9XuOkU13ApN,5e3b7511-4336-453e-8199-a4ec14956742,2023-05-14T18:08:18
1Vxs6RcPBrbQfZMElzIzto,5e3b7511-4336-453e-8199-a4ec14956742,2023-05-12T16:01:27
50z6C3DC3n8hYrgYtzUZ3i,5e3b7511-4336-453e-8199-a4ec14956742,2023-04-20T18:49:10
2mnXxnrX5vCGolNkaFvVeM,5e3b7511-4336-453e-8199-a4ec14956742,2023-04-27T16:29:48
3v2UAm0Tef2HhrCTYiKttl,5e3b7511-4336-453e-8199-a4ec14956742,2023-05-09T11:10:23
1DgHVOq15mmso5RY0YQy6l,5e3b7511-4336-453e-8199-a4ec14956742,2023-05-06T05:59:27
5Dk8Kcb7sWoeSLsuYIKrgm,5e3b7511-4336-453e-8199-a4ec14956742,2023-05-18T03:13:01
5Mk1tgVrSuoWWwPVFNS0jB,5e3b7511-4336-453e-8199-a4ec14956742,2023-05-11T18:06:03
11M8c9SHQYpd8DOrmcu25k,5e3b7511-4336-453e-8199-a4ec14956742,2023-05-04T01:42:56
18HOjcvTVV7W8YzBuOsAPS,5e3b7511-4336-453e-8199-a4ec14956742,2023-04-24T16:22:04
0fBAAxkdQryPR4zJDxH5y5,5e3b7511-4336-453e-8199-a4ec14956742,2023-05-12T15:01:34
6TgBrRvbC64WMetf2hXrUS,5e3b7511-4336-453e-8199-a4ec14956742,2023-04-26T03:55:09
4j2I5Phx08RoJfh1oxeKxp,5e3b7511-4336-453e-8199-a4ec14956742,2023-04-25T16:46:43
2qXP6g6saYTwWkUxGKbIn3,5e3b7511-4336-453e-8199-a4ec14956742,2023-05-15T12:17:26
4FW3a239SSsdaEFl58YzHw,5e3b7511-4336-453e-8199-a4ec14956742,2023-05-01T06:46:12
203bhpOhWluOytYjvwQfl7,5e3b7511-4336-453e-8199-a4ec14956742,2023-05-11T22:19:56
7zyZ9yPXIQebb79PrMghpV,5e3b7511-4336-453e-8199-a4ec14956742,2023-05-01T07:39:01
7tRz2qqm4l0eZBq0Kq5TJY,5e3b7511-4336-453e-8199-a4ec14956742,2023-05-06T07:59:42
6qB7YcFpeBEQa0D6QO482y,5e3b7511-4336-453e-8199-a4ec14956742,2023-05-20T02:58:30
7MIhUdNJtaOnDmC5nBC1fb,5e3b7511-4336-453e-8199-a4ec14956742,2023-04-29T16:47:51
7yHEDfrJNd0zWOfXwydNH0,5e3b7511-4336-453e-8199-a4ec14956742,2023-05-20T11:26:02
6k7vblX4M4TgEjPt6jLoHZ,5e3b7511-4336-453e-8199-a4ec14956742,2023-04-30T15:59:57
6KrHMGsh5lpnCBpYM5a4rT,5e3b7511-4336-453e-8199-a4ec14956742,2023-05-16T23:05:39
7LqjznQwfrax7MjQXmxqdQ,5e3b7511-4336-453e-8199-a4ec14956742,2023-05-07T23:38:49
2OaxSzwN5qTTq2vy4IbVGB,5e3b7511-4336-453e-8199-a4ec14956742,2023-05-07T22:53:34
20R4HfKloPKgXDqU7UKk3x,5e3b7511-4336-453e-8199-a4ec14956742,2023-04-27T19:48:48
5WNF8VIyabNOd3mVKVKtfL,5e3b7511-4336-453e-8199-a4ec14956742,2023-05-01T12:09:54
3pHpV3pa96s4vuBP7sQq0V,5e3b7511-4336-453e-8199-a4ec14956742,2023-05-14T12:39:11
3ovjw5HZZv43SxTwApooCM,5e3b7511-4336-453e-8199-a4ec14956742,2023-05-07T08:20:15
5SaVTrUTi3uKLfoaKlrGCx,5e3b7511-4336-453e-8199-a4ec14956742,2023-05-01T11:28:47
0b8RxOVECQKVtkkdi47Cvk,5e3b7511-4336-453e-8199-a4ec14956742,2023-05-02T13:06:14
3CKtuzQRKk4KDhaIRFHH56,5e3b7511-4336-453e-8199-a4ec14956742,2023-04-28T15:19:16
4j2I5Phx08RoJfh1oxeKxp,5e3b7511-4336-453e-8199-a4ec14956742,2023-05-12T12:40:54
6T689Jvh5KrSXyaPtUWZtQ,5e3b7511-4336-453e-8199-a4ec14956742,2023-05-17T07:46:02
3XF5xLJHOQQRbWya6hBp7d,5e3b7511-4336-453e-8199-a4ec14956742,2023-04-27T11:39:07
794F99D5BQHS5ZGRXAs7I5,5e3b7511-4336-453e-8199-a4ec14956742,2023-05-16T09:16:46
4ZTX8P6yC1dv6CY7b0Ql3g,5e3b7511-4336-453e-8199-a4ec14956742,2023-05-03T14:18:48
2T3JxnpUdivzAHXgtFC5zo,5e3b7511-4336-453e-8199-a4ec14956742,2023-04-27T16:28:40
2D4dV2KXDTszzJ3p3cFqhA,5e3b7511-4336-453e-8199-a4ec14956742,2023-04-25T09:42:16
3ERa3mEeOnrh2Mc47qM6T1,5e3b7511-4336-453e-8199-a4ec14956742,2023-05-02T03:18:56
3hdImSesLWMFHQozR1SIda,5e3b7511-4336-453e-8199-a4ec14956742,2023-05-04T12:00:56
1ox2Drazo4RGeEEA2COaOL,5e3b7511-4336-453e-8199-a4ec14956742,2023-05-10T09:20:34
14WWzenpaEgQZlqPq2nk4v,5e3b7511-4336-453e-8199-a4ec14956742,2023-05-10T06:17:52
5OqmLY18KXsZR1aGrXP3ZI,5e3b7511-4336-453e-8199-a4ec14956742,2023-04-24T13:47:14
3O0izqvKM8cRdV8EgOiE7b,5e3b7511-4336-453e-8199-a4ec14956742,2023-05-17T08:26:00
1qj58RQIFw7icsiKluMczd,5e3b7511-4336-453e-8199-a4ec14956742,2023-05-12T00:14:57
0B48113ZG9UfkWWt7qD9xX,5e3b7511-4336-453e-8199-a4ec14956742,2023-05-01T03:51:04
3CidPLqWXqgesJlwYVJZdy,5e3b7511-4336-453e-8199-a4ec14956742,2023-05-08T14:20:52
05eZlxyjbkHMPCnunUasCS,5e3b7511-4336-453e-8199-a4ec14956742,2023-05-14T10:54:03
30FURVTCpbKyykjSEQzGkH,5e3b7511-4336-453e-8199-a4ec14956742,2023-05-15T17:46:24
0cCQD81ldtL85o03uN4hik,5e3b7511-4336-453e-8199-a4ec14956742,2023-05-11T02:11:14
6CFi8wtypbGxDz2RlBqWkX,5e3b7511-4336-453e-8199-a4ec14956742,2023-05-06T14:01:57
0YwBZKT8JE4U5TwmYE9BV9,5e3b7511-4336-453e-8199-a4ec14956742,2023-05-07T20:11:54
2rgtCOVK2tpfao2VjURn84,5e3b7511-4336-453e-8199-a4ec14956742,2023-04-24T10:18:46
4gbVRS8gloEluzf0GzDOFc,5e3b7511-4336-453e-8199-a4ec14956742,2023-04-22T15:53:10
2245x0g1ft0HC7sf79zbYN,5e3b7511-4336-453e-8199-a4ec14956742,2023-05-02T11:51:53
4vJAhLLHcgPeR3pQopGaIG,5e3b7511-4336-453e-8199-a4ec14956742,2023-04-23T05:42:23
50r1EUDpmSZRPo5aIZpmWi,5e3b7511-4336-453e-8199-a4ec14956742,2023-04-20T23:58:11
5MzjQ95rdB2xt9DNa2IzaC,5e3b7511-4336-453e-8199-a4ec14956742,2023-04-23T07:14:25
4EVzu5mYyigjyLrryKbZs7,5e3b7511-4336-453e-8199-a4ec14956742,2023-05-01T04:03:07
0NZx7rRyIOArlTbRbM3efn,5e3b7511-4336-453e-8199-a4ec14956742,2023-05-01T19:54:32
4k80K0b6KZ2QjAYkXON7q6,5e3b7511-4336-453e-8199-a4ec14956742,2023-04-27T11:56:49
1hAFfu4suNTskcfbHFiGEU,5e3b7511-4336-453e-8199-a4ec14956742,2023-04-30T13:28:21
2vz1CsL5WBsbpBcwgboTAw,5e3b7511-4336-453e-8199-a4ec14956742,2023-04-30T05:34:37
5gIvHoJAV6FR7khOTwFGm5,5e3b7511-4336-453e-8199-a4ec14956742,2023-05-13T23:45:00
3ZFTkvIE7kyPt6Nu3PEa7V,5e3b7511-4336-453e-8199-a4ec14956742,2023-04-20T16:56:26
1GxQwcFhoT32SNNsWElFtr,5e3b7511-4336-453e-8199-a4ec14956742,2023-05-20T01:24:37
1IaqAErlNQk5SlpIkmP1DC,5e3b7511-4336-453e-8199-a4ec14956742,2023-05-17T08:49:14
2NRmbqh02o1ik3hwr3fdqc,5e3b7511-4336-453e-8199-a4ec14956742,2023-05-19T23:57:35
4bsF2ZJgmq2JiDfyIV3CaX,5e3b7511-4336-453e-8199-a4ec14956742,2023-04-23T06:01:12
3Nf4i0vgnBqbtkOmJTNyzH,5e3b7511-4336-453e-8199-a4ec14956742,2023-05-14T12:03:48
6ufcuVInt0ocHrUimDjGlb,5e3b7511-4336-453e-8199-a4ec14956742,2023-04-20T21:20:04
7szuecWAPwGoV1e5vGu8tl,5e3b7511-4336-453e-8199-a4ec14956742,2023-04-25T07:23:01
5TwrfJlxskEcjm82eNk23E,5e3b7511-4336-453e-8199-a4ec14956742,2023-04-28T10:57:27
5YeHLHDdQ4nKHk81XFWhCU,5e3b7511-4336-453e-8199-a4ec14956742,2023-05-19T21:40:56
3bReYWGDgKv3eiWDlUfX7q,5e3b7511-4336-453e-8199-a4ec14956742,2023-05-11T22:28:09
14msK75pk3pA33pzPVNtBF,5e3b7511-4336-453e-8199-a4ec14956742,2023-05-06T23:23:44
4V3manOO5ihxZXxctaYyiR,5e3b7511-4336-453e-8199-a4ec14956742,2023-05-06T14:49:52
2lFTzUnuGaWlWHJQokjRyb,5e3b7511-4336-453e-8199-a4ec14956742,2023-04-21T07:35:12
6jkJ39CLAbUdENyDTzovny,5e3b7511-4336-453e-8199-a4ec14956742,2023-04-22T15:34:57
56yFJewuZr1kKfYu2O35nx,5e3b7511-4336-453e-8199-a4ec14956742,2023-04-28T02:18:01
6aqNCrRA7vs7v6QvRpI50t,5e3b7511-4336-453e-8199-a4ec14956742,2023-05-10T05:48:53
3VSYkAf6f46i5ZkXOHORq1,5e3b7511-4336-453e-8199-a4ec14956742,2023-05-02T21:59:59
5mdooqkfMvf7LtIFKReUYg,5e3b7511-4336-453e-8199-a4ec14956742,2023-05-07T06:48:43
2CgybGSWTcksP4BXTMYKPq,5e3b7511-4336-453e-8199-a4ec14956742,2023-05-05T12:05:23
2mb6YdoavL6db22p7XKJQZ,5e3b7511-4336-453e-8199-a4ec14956742,2023-04-26T09:29:48
5wQ8nPC7NHFnTWLnFHXEsx,5e3b7511-4336-453e-8199-a4ec14956742,2023-04-21T12:43:26
0bWfxPhxOepDV01eMECRYl,5e3b7511-4336-453e-8199-a4ec14956742,2023-04-24T00:53:16
3PVukkbEGmJGoyJG2lfBPP,5e3b7511-4336-453e-8199-a4ec14956742,2023-05-16T13:09:35
7jldkg1svQTxsAqfU0Tcfo,5e3b7511-4336-453e-8199-a4ec14956742,2023-05-01T14:58:09
5XtKGcfaH74NOkS9v6NqmD,5e3b7511-4336-453e-8199-a4ec14956742,2023-05-08T14:01:07
6Dy1jexKYriXAVG6evyUTJ,5e3b7511-4336-453e-8199-a4ec14956742,2023-05-02T17:24:35
2XdL95Ifg9gysRDpFWNYWt,5e3b7511-4336-453e-8199-a4ec14956742,2023-05-05T07:37:51
3HWDWyIqWuLsTHECx9DvXF,5e3b7511-4336-453e-8199-a4ec14956742,2023-05-16T18:57:25
6A6yKpsgFr4gIKd7gsfHhm,5e3b7511-4336-453e-8199-a4ec14956742,2023-04-28T10:37:35
7zvGNZu33bC4jZEkXHdDZ6,5e3b7511-4336-453e-8199-a4ec14956742,2023-05-12T17:55:48
78CVFIt2RERpIJ092omCS9,5e3b7511-4336-453e-8199-a4ec14956742,2023-05-13T08:54:52
7gkWXbAxIYuvtOpcN3p9GJ,5e3b7511-4336-453e-8199-a4ec14956742,2023-04-24T03:09:44
2t7IBIxdrzkEr8m3dZP9uL,5e3b7511-4336-453e-8199-a4ec14956742,2023-05-10T14:55:37
4UYr7YaHyJrzZv4Kakhohr,5e3b7511-4336-453e-8199-a4ec14956742,2023-05-11T15:43:23
0IjQeHaDwRljTnROP955YG,5e3b7511-4336-453e-8199-a4ec14956742,2023-05-02T22:19:59
5px6upUHM3fhOP621Edp4V,5e3b7511-4336-453e-8199-a4ec14956742,2023-05-15T23:50:56
4bp2wYweUPvsBrQfntdYcr,5e3b7511-4336-453e-8199-a4ec14956742,2023-05-13T07:53:02
4pfxefygvuMNU3zuBP02LM,5e3b7511-4336-453e-8199-a4ec14956742,2023-04-23T18:20:03
0or0gNaKAXYYCsOrpvRzAu,5e3b7511-4336-453e-8199-a4ec14956742,2023-05-01T15:15:26
3iDY4SzUHPkC3WTXpfxXJG,5e3b7511-4336-453e-8199-a4ec14956742,2023-05-19T21:51:55
4ckvZ4nJ6JRwshw45i7k4i,5e3b7511-4336-453e-8199-a4ec14956742,2023-04-22T12:25:29
2PWQyaoaNYOQAWBbFHFSYp,5e3b7511-4336-453e-8199-a4ec14956742,2023-05-14T18:03:40
6dZ2ygZLxaPHnDuOHYQHAM,5e3b7511-4336-453e-8199-a4ec14956742,2023-05-01T23:56:54
69kOkLUCkxIZYexIgSG8rq,5e3b7511-4336-453e-8199-a4ec14956742,2023-05-02T10:26:05
3VZQshi4COChhXaz7cLP02,5e3b7511-4336-453e-8199-a4ec14956742,2023-04-29T08:02:13
4LzDR9ArSfr065cLQgpuba,5e3b7511-4336-453e-8199-a4ec14956742,2023-05-10T00:37:42
4RIX11I5nRJTa6MmYJ6Vw9,5e3b7511-4336-453e-8199-a4ec14956742,2023-05-13T06:56:07
2gq8ubFpoNIPKdMI2JmKeP,5e3b7511-4336-453e-8199-a4ec14956742,2023-05-18T15:57:31
6XJ2PVp2Vs9G2j5B2Cbbnb,5e3b7511-4336-453e-8199-a4ec14956742,2023-04-27T11:26:21
6cLfN8cCTh7x4Mu6DpEtfL,5e3b7511-4336-453e-8199-a4ec14956742,2023-05-04T03:21:48
7oDd86yk8itslrA9HRP2ki,5e3b7511-4336-453e-8199-a4ec14956742,2023-05-19T23:46:16
4KfSdst7rW39C0sfhArdrz,5e3b7511-4336-453e-8199-a4ec14956742,2023-05-11T08:25:20
1AL0StSc00aZBBd8Ggktgj,5e3b7511-4336-453e-8199-a4ec14956742,2023-05-15T18:13:00
